model,civil_comments_accuracy,civil_comments_completion_rate,banking_accuracy,banking_completion_rate,company_accuracy,company_completion_rate,craigslist_accuracy,craigslist_completion_rate,ledgar_accuracy,ledgar_completion_rate,lexical_relation_accuracy,lexical_relation_completion_rate,math_accuracy,math_completion_rate,sciq_accuracy,sciq_f1,squad_v2_accuracy,squad_v2_f1,walmart_amazon_accuracy,walmart_amazon_completion_rate,quail_accuracy,quail_f1,diagnosis_accuracy,diagnosis_completion_rate,belebele_accuracy,belebele_f1,acronym_Macro:accuracy,acronym_Macro:F1,numeric_Macro:accuracy,numeric_Macro:F1,multiconer_Macro:accuracy,multiconer_Macro:F1,quoref_Macro:accuracy,quoref_Macro:F1,conll2003_Macro:accuracy,conll2003_Macro:F1
workspacegcp,0.915,1.0,0.78,1.0,0.885,1.0,0.94,1.0,0.8316326530612245,0.98,0.925,1.0,0.98,1.0,0.94,0.9540000000000001,0.61,0.7313744485767012,0.97,1.0,0.725,0.7804350175967824,0.695,1.0,0.93,0.9495730935730936,0.4575,0.7792602279788902,0.74,0.91,0.7028486826202562,0.8235271130908174,0.025252525252525252,0.23076923076923078,0.5827196938558032,0.7691489428515856
workspacerefuel,0.885,1.0,0.7286432160804021,0.995,0.835,1.0,0.95,1.0,0.7577319587628866,0.97,0.905,1.0,0.975,1.0,0.96,0.9690000000000001,0.61,0.7374558662012223,0.965,1.0,0.7,0.8030839438339439,0.73,1.0,0.94,0.9581445221445222,0.1306532663316583,0.7423577896416915,0.02,0.8686868686868687,0.7056745116135978,0.8117683037457811,0.005,0.7866108786610879,0.6006865133749556,0.7078329342837968
workspacerefuelllm-1p-900,0.91,1.0,0.78,1.0,0.895,1.0,0.945,1.0,0.8102564102564103,0.975,0.93,1.0,0.97,1.0,0.945,0.9565,0.67,0.7858366983320544,0.965,1.0,0.74,0.7719239926739928,0.685,1.0,0.93,0.9524778554778554,0.42500000000000004,0.6982096109885156,0.735,0.8637532133676092,0.6433034800103303,0.7386447065164864,0.105,0.7450110864745011,0.685,0.8997165991515764
