model,civil_comments_accuracy,civil_comments_completion_rate,banking_accuracy,banking_completion_rate,company_accuracy,company_completion_rate,craigslist_accuracy,craigslist_completion_rate,ledgar_accuracy,ledgar_completion_rate,lexical_relation_accuracy,lexical_relation_completion_rate,math_accuracy,math_completion_rate,sciq_accuracy,sciq_f1,squad_v2_accuracy,squad_v2_f1,walmart_amazon_accuracy,walmart_amazon_completion_rate,quail_accuracy,quail_f1,diagnosis_accuracy,diagnosis_completion_rate,belebele_accuracy,belebele_f1,teachfx_accuracy,teachfx_completion_rate,pathstream_accuracy,pathstream_completion_rate,favespro_Macro:accuracy,favespro_Macro:F1,favespro_Macro:TextSimilarity,acronym_Macro:accuracy,acronym_Macro:F1,acronym_Macro:TextSimilarity,numeric_Macro:accuracy,numeric_Macro:F1,numeric_Macro:TextSimilarity,multiconer_Macro:accuracy,multiconer_Macro:F1,multiconer_Macro:TextSimilarity,quoref_Macro:accuracy,quoref_Macro:F1,quoref_Macro:TextSimilarity,conll2003_Macro:accuracy,conll2003_Macro:F1,conll2003_Macro:TextSimilarity
claude-3-opus-20240229,0.8860103626943006,0.965,0.82,1.0,0.9640287769784173,0.695,0.94,1.0,0.7788944723618091,0.995,0.91,1.0,0.96,1.0,0.96,0.9641666666666667,0.715,0.8205870262348591,0.935,1.0,0.715,0.7320746093614946,0.76,1.0,0.865,0.9480465367965369,0.8918918918918919,1.0,0.7236180904522613,0.995,0.8914728682170544,0.9051388993127406,0.9225100980541288,0.51,0.9095549242424242,0.7401054431690857,0.935,0.9507389162561576,0.9584682539682539,0.805,0.8675145415161638,0.8336951401607443,0.015,0.8333333333333334,0.5754635249037835,0.86375,0.9220842973915688,0.8942176965790258
gpt-4-1106-preview,0.87,1.0,0.815,1.0,0.9720670391061452,0.895,0.93,1.0,0.7602040816326531,0.98,0.885,1.0,0.985,1.0,0.98,0.9825,0.57,0.7035526321803409,0.978021978021978,0.91,0.725,0.7430683760683761,0.7589743589743589,0.975,0.96,0.9738124098124098,0.9054054054054054,1.0,0.735,1.0,0.8953488372093025,0.9022666527821167,0.9296557261477564,0.7575000000000001,0.9113253951221196,0.8589423555848931,0.85,0.9507389162561576,0.9073207972582974,0.5572649572649574,0.6545188307113462,0.5890347081903807,0.01,0.8659003831417624,0.5799151945617171,0.8612499999999998,0.9203990084186364,0.892649238725508
